{
  "rotation": {
    "政治": 1779192234.8940446,
    "美国": 1779192234.8940446,
    "战争": 1779192234.8940446,
    "人工智能": 1779192234.8940446,
    "欧洲": 1779192234.8940446
  }
}